fecha,id,metodo,ruta,status,duracion_ms
"2026-10-04T15:47:15.252Z","e8af6585-a16e-49a7-87d5-6b17d59259c1","GET","/","200","24.38"
"2026-10-04T15:47:15.494Z","530e85b1-db1e-48fa-82e7-c8821526438b","GET","/api/clientes","200","4.13"
"2026-10-04T15:47:16.656Z","eeccbb3b-e0fa-48b5-8383-bdea8baf3290","GET","/favicon.ico","404","3.99"
"2026-10-04T15:48:52.172Z","1b920da4-437f-4e6b-b3ee-bb9a2ff323f5","GET","/api/laboratorio/evento","200","0.74"
"2026-10-04T15:49:29.109Z","cb231bf4-71b4-4f49-b60d-a8d9912b3552","GET","/","200","1.52"
"2026-10-04T15:49:29.431Z","53c94109-12b4-48cf-b595-c88ba50fc8ec","GET","/api/clientes","200","1.06"
"2026-10-04T15:49:34.895Z","70d82938-da9c-4bf0-b9f5-daf8af740e96","GET","/","200","9.06"
"2026-10-04T15:49:35.176Z","993d7827-7b22-4c0b-8eba-88fd03d7c540","GET","/api/clientes","200","1.05"
"2026-10-04T15:49:47.531Z","e5496118-7cb8-44d6-9679-8922de9ca1f2","GET","/bigdata/metricas","404","0.71"
"2026-10-04T15:50:00.575Z","e3aaa112-a58e-4954-8fc6-9b783a2e0310","GET","/api/bigdata/metricas","200","0.77"
"2026-10-04T16:11:19.428Z","9594cc1b-469b-486e-897a-3e501e9a1804","GET","/","200","13.05"
"2026-10-04T16:11:19.497Z","a7b317d9-d409-4c19-bc20-b0e8eab8334d","GET","/api/clientes","200","1.60"
"2026-10-04T16:11:54.165Z","26568e31-ba32-45a2-86d8-224f5ee88b4e","POST","/api/clientes","201","5.46"
"2026-10-04T16:11:54.171Z","93755733-3289-478c-a9ee-0b59501f44d2","GET","/api/clientes","200","1.11"
"2026-10-04T16:30:42.773Z","f507189b-7165-499f-8557-e6003c27d76f","POST","/api/laboratorio/evento","200","0.38"
"2026-10-04T16:30:42.776Z","0b09f9fd-9118-4ceb-acc3-cdc142f51332","GET","/api/clientes/999999","404","1.05"
"2026-10-04T16:30:42.777Z","85b2d83d-3efc-4e52-b01a-dc61e4cc8c44","PUT","/api/laboratorio/evento","200","0.27"
"2026-10-04T16:30:42.779Z","188fef17-9e8e-4bf7-9ee2-3413360583b7","DELETE","/api/laboratorio/evento","200","0.23"
"2026-10-04T16:30:42.780Z","888d0512-da21-4694-a650-ed1524ed3751","GET","/api/laboratorio/evento","200","0.31"
"2026-10-04T16:30:42.799Z","4e26546c-8b43-4cea-a05d-960ebc10d8f0","POST","/api/laboratorio/evento","200","0.36"
"2026-10-04T16:30:42.803Z","15e093d8-bcfd-43bb-a00a-eb4902c021c5","PUT","/api/laboratorio/evento","200","0.31"
"2026-10-04T16:30:42.806Z","340df6cf-2d46-4f70-a79c-aa43a5a4b987","DELETE","/api/clientes/999999","404","0.75"
"2026-10-04T16:30:42.807Z","c8b0c4fd-2cde-49a1-ae3b-bdcf671d6874","GET","/api/laboratorio/evento","200","0.33"
"2026-10-04T16:30:42.810Z","ecad7063-756c-40c2-8a89-bd0389494fdc","POST","/api/laboratorio/evento","200","0.35"
"2026-10-04T16:30:42.812Z","67b6ae74-a11f-4cdc-a6f3-2df5d1c346f5","PUT","/api/laboratorio/evento","200","0.24"
"2026-10-04T16:30:42.814Z","f36b9be9-a5c2-4d77-96ab-c0d5b46902de","DELETE","/api/laboratorio/evento","200","0.27"
"2026-10-04T16:30:42.816Z","6ffdf20e-7077-4482-b56e-5f72011a040a","GET","/api/laboratorio/evento","200","0.34"
"2026-10-04T16:30:42.818Z","c33bd40b-606d-4c01-81d9-fcb55f24c60d","POST","/api/laboratorio/evento","200","0.36"
"2026-10-04T16:30:42.820Z","96502b5a-5700-468c-82d8-1802d1e72a3e","PUT","/api/clientes/999999","400","1.41"
"2026-10-04T16:30:42.824Z","230f9ef9-f28a-4d2d-b640-810efacd43a5","DELETE","/api/laboratorio/evento","200","0.55"
"2026-10-04T16:30:42.826Z","1e866635-a537-415e-b0c6-7565df764537","GET","/api/laboratorio/evento","200","0.41"
"2026-10-04T16:30:42.828Z","e338dc50-ce0a-4258-9f34-e39b451528f5","POST","/api/laboratorio/evento","200","0.33"
"2026-10-04T16:30:42.831Z","fdf58b0c-fb14-423f-9cef-11f98f0dedab","PUT","/api/laboratorio/evento","200","0.46"
"2026-10-04T16:30:42.832Z","8e7477a1-8320-49db-8269-030c3e1fea30","DELETE","/api/laboratorio/evento","200","0.37"
"2026-10-04T16:30:42.835Z","8aada386-b184-466c-9b63-5df00a37b8d3","GET","/api/laboratorio/evento","200","0.26"
"2026-10-04T16:30:42.837Z","cb0c6532-ee79-44df-b0a5-bdfd6136a5b1","POST","/api/clientes/999999","404","0.50"
"2026-10-04T16:30:42.840Z","5585e94b-0f87-400f-8188-132a7cc62175","PUT","/api/laboratorio/evento","200","0.48"
"2026-10-04T16:30:42.843Z","12a042b2-d05b-4dd1-a83e-013362c54cf3","DELETE","/api/laboratorio/evento","200","0.47"
"2026-10-04T16:30:42.845Z","619fe532-fe5a-442c-8007-86894fbfe493","GET","/api/laboratorio/evento","200","0.48"
"2026-10-04T16:30:42.847Z","06bae3a8-b587-46f7-8b69-8d7bf5d3c473","POST","/api/laboratorio/evento","200","0.25"
"2026-10-04T16:30:42.850Z","f908cded-70fa-476a-9abe-749b7a025303","PUT","/api/laboratorio/evento","200","0.35"
"2026-10-04T16:30:42.851Z","b4aa6305-a792-4f3f-b16f-f2ad0e5bec0b","DELETE","/api/laboratorio/evento","200","0.36"
"2026-10-04T16:30:42.854Z","e5e2977b-97c6-478e-927b-bd7dc824396f","GET","/api/clientes/999999","404","0.87"
"2026-10-04T16:30:42.857Z","b9ee665e-5074-47ae-a3a5-92332a7f23a1","POST","/api/laboratorio/evento","200","0.49"
"2026-10-04T16:30:42.891Z","00334bb6-9cd3-443e-885c-8a8cfafaa1e2","PUT","/api/laboratorio/evento","200","0.40"
"2026-10-04T16:30:42.896Z","484a32b0-f562-4948-9d70-0ead8b93a177","DELETE","/api/laboratorio/evento","200","0.46"
"2026-10-04T16:30:42.900Z","bcd3c879-da8a-4837-b2e7-f16e26d53949","GET","/api/laboratorio/evento","200","0.60"
"2026-10-04T16:30:42.902Z","b4087d1f-50db-4e71-93f0-f8dc4488c285","POST","/api/laboratorio/evento","200","0.40"
"2026-10-04T16:30:42.905Z","a5cd84e4-cb8e-459b-a957-1b5f27d631d4","PUT","/api/laboratorio/evento","200","0.52"
"2026-10-04T16:30:42.910Z","2a67eb04-c5ac-4415-97d3-5162042b3bf9","DELETE","/api/clientes/999999","404","1.31"
"2026-10-04T16:30:42.921Z","32786c96-99c5-4a40-8dd2-c5fabfacba12","GET","/api/laboratorio/evento","200","0.39"
"2026-10-04T16:30:42.929Z","b3f209fa-057e-45ac-873a-1095ccae76ce","POST","/api/laboratorio/evento","200","0.55"
"2026-10-04T16:30:42.932Z","e7f4f2d9-e2c6-4da8-90e7-d056e8dd92af","PUT","/api/laboratorio/evento","200","0.44"
"2026-10-04T16:30:42.934Z","6310e03e-676c-438c-8a33-b645ad652005","DELETE","/api/laboratorio/evento","200","0.32"
"2026-10-04T16:30:42.937Z","c81a76cb-f570-4792-8481-5ff7edfd448b","GET","/api/laboratorio/evento","200","0.32"
"2026-10-04T16:30:42.939Z","d71ef1f9-01af-44c5-b000-04432ef565f2","POST","/api/laboratorio/evento","200","0.42"
"2026-10-04T16:30:42.942Z","ce15baa2-0820-46eb-a7e2-a3f8b102e3ec","PUT","/api/clientes/999999","400","0.53"
"2026-10-04T16:30:42.945Z","1943de3e-6cae-4adb-9201-7a182fa1108a","DELETE","/api/laboratorio/evento","200","0.56"
"2026-10-04T16:30:42.947Z","cba40131-fc68-4d15-8234-35924a3ba7e8","GET","/api/laboratorio/evento","200","0.40"
"2026-10-04T16:30:42.950Z","de5b8091-524e-460f-a3f8-48a05a2c2c56","POST","/api/laboratorio/evento","200","0.30"
"2026-10-04T16:30:42.952Z","05a3404a-26af-46fe-9d2f-2a1b3f4d9116","PUT","/api/laboratorio/evento","200","0.41"
"2026-10-04T16:30:42.955Z","b5e897b1-81fb-4c0f-bf04-6015860040fb","DELETE","/api/laboratorio/evento","200","0.82"
"2026-10-04T16:30:42.961Z","9f18220c-6ddf-40e2-b159-637358b1a0cd","GET","/api/laboratorio/evento","200","0.75"
"2026-10-04T16:30:42.965Z","399321d3-01a4-41c1-905c-fef9742dd4e8","POST","/api/clientes/999999","404","0.76"
"2026-10-04T16:30:42.968Z","70e25844-92a5-4467-8c1a-43b039254ba3","PUT","/api/laboratorio/evento","200","0.28"
"2026-10-04T16:30:42.970Z","155ac832-d96c-4f4d-8b4a-c105a4f02fbb","DELETE","/api/laboratorio/evento","200","0.33"
"2026-10-04T16:30:42.972Z","c4bdc03d-e94f-4bca-86af-92144fa17757","GET","/api/laboratorio/evento","200","0.40"
"2026-10-04T16:30:42.974Z","3d3c0878-d0ae-4415-a542-a40c4db540fc","POST","/api/laboratorio/evento","200","0.37"
"2026-10-04T16:30:42.976Z","26ff59bc-40bd-499f-a3bf-22ce5258032a","PUT","/api/laboratorio/evento","200","0.33"
"2026-10-04T16:30:42.978Z","ff81d5c0-cb30-482b-8214-c1eb590ccdf3","DELETE","/api/laboratorio/evento","200","0.24"
"2026-10-04T16:30:42.980Z","60d1f074-86b2-4b36-bb9e-d83d8d937ec5","GET","/api/clientes/999999","404","0.83"
"2026-10-04T16:30:42.982Z","0ddccb76-e9a4-40a8-9cce-ee040078105a","POST","/api/laboratorio/evento","200","0.30"
"2026-10-04T16:30:42.984Z","6d68c8ec-7095-4b13-a936-a63492231ac4","PUT","/api/laboratorio/evento","200","0.27"
"2026-10-04T16:30:42.986Z","b25f3926-916e-4db1-8aa1-b749ed587f73","DELETE","/api/laboratorio/evento","200","0.30"
"2026-10-04T16:30:42.987Z","aad44611-d571-475d-baab-a575e3d2c763","GET","/api/laboratorio/evento","200","0.22"
"2026-10-04T16:30:42.989Z","4f21f67f-3074-4558-9b50-cbf325e56b5d","POST","/api/laboratorio/evento","200","0.20"
"2026-10-04T16:30:42.990Z","81df29d4-0962-4e6b-84b7-851c13dd1006","PUT","/api/laboratorio/evento","200","0.23"
"2026-10-04T16:30:42.992Z","3c26e9c2-f988-40e2-a8ec-559362dae416","DELETE","/api/clientes/999999","404","0.52"
"2026-10-04T16:30:42.994Z","c567fe8a-646d-46c2-9b5f-b6ec9d52f32e","GET","/api/laboratorio/evento","200","0.32"
"2026-10-04T16:30:42.996Z","7da1d49b-17a1-4061-b3d4-b6c206b9c979","POST","/api/laboratorio/evento","200","0.39"
"2026-10-04T16:30:42.997Z","78e8e229-d1f0-4105-b878-b96de8b87e6f","PUT","/api/laboratorio/evento","200","0.22"
"2026-10-04T16:30:42.999Z","0096b29d-1cc2-4ba8-a911-94bf5254bba6","DELETE","/api/laboratorio/evento","200","0.25"
"2026-10-04T16:30:43.000Z","a6c4d365-0bcd-4808-9b88-6e958df7fa17","GET","/api/laboratorio/evento","200","0.29"
"2026-10-04T16:30:43.002Z","56850e0a-9c15-4050-89f9-ec89d1493d66","POST","/api/laboratorio/evento","200","0.26"
"2026-10-04T16:30:43.005Z","00385923-62ec-4f81-9218-594d76b5bbaa","PUT","/api/clientes/999999","400","1.74"
"2026-10-04T16:30:43.006Z","c8881111-d91c-4fe9-8bc7-6a259358456c","DELETE","/api/laboratorio/evento","200","0.28"
"2026-10-04T16:30:43.008Z","1b24f42c-337f-43fd-a54f-be68243c5ea8","GET","/api/laboratorio/evento","200","0.21"
"2026-10-04T16:30:43.009Z","a2dd0a95-3f5b-4a78-b98a-b4378200a418","POST","/api/laboratorio/evento","200","0.39"
"2026-10-04T16:30:43.012Z","968dfe96-c4be-4770-bb63-8cb34e32c1be","PUT","/api/laboratorio/evento","200","0.33"
"2026-10-04T16:30:43.013Z","3aa81609-49cd-487e-be47-51275f23095e","DELETE","/api/laboratorio/evento","200","0.33"
"2026-10-04T16:30:43.015Z","2b05ea4e-3095-4d0a-8912-afc59b0ea51f","GET","/api/laboratorio/evento","200","0.26"
"2026-10-04T16:30:43.016Z","d21a6d08-f84c-4cc7-b8a9-219d49c314ca","POST","/api/clientes/999999","404","0.25"
"2026-10-04T16:30:43.018Z","ee36b247-c417-45c1-96ab-56c532f61bcb","PUT","/api/laboratorio/evento","200","0.25"
"2026-10-04T16:30:43.020Z","2abfe709-a693-43c0-a866-4d51676ee040","DELETE","/api/laboratorio/evento","200","0.28"
"2026-10-04T16:30:43.021Z","27b4727b-7d1f-4024-bd48-b90a3e65db6b","GET","/api/laboratorio/evento","200","0.21"
"2026-10-04T16:30:43.023Z","0690e5f9-fced-491c-b142-c8c7d690eae4","POST","/api/laboratorio/evento","200","0.24"
"2026-10-04T16:30:43.024Z","d15964d1-41f4-48d6-9d09-98a7cb32cabf","PUT","/api/laboratorio/evento","200","0.19"
"2026-10-04T16:30:43.025Z","205c2735-4c4a-4962-9de5-e3637158a423","DELETE","/api/laboratorio/evento","200","0.24"
"2026-10-04T16:30:43.027Z","8820722f-f4b1-42ad-af70-ea955f1ae2dd","GET","/api/clientes/999999","404","0.67"
"2026-10-04T16:30:43.030Z","644d9b46-7ebd-4706-876b-07781ebb6325","POST","/api/laboratorio/evento","200","0.30"
"2026-10-04T16:30:43.031Z","59354130-4e19-4888-9358-32fd4c4a6cf4","PUT","/api/laboratorio/evento","200","0.31"
"2026-10-04T16:30:43.033Z","c1322292-9fb2-4413-92fd-1e4db3ac3f57","DELETE","/api/laboratorio/evento","200","0.23"
"2026-10-04T16:30:43.034Z","ae07ac1f-97f4-465e-95bf-529593fe9332","GET","/api/laboratorio/evento","200","0.26"
"2026-10-04T16:30:43.036Z","1344ed0f-c247-4f22-a79c-0d06f9766871","POST","/api/laboratorio/evento","200","0.28"
"2026-10-04T16:30:43.038Z","364d1afb-7669-4a9f-960b-6bd653612b63","PUT","/api/laboratorio/evento","200","0.25"
"2026-10-04T16:30:43.039Z","b784da89-d496-4df4-a23e-5d00022e5445","DELETE","/api/clientes/999999","404","0.45"
"2026-10-04T16:30:43.041Z","54b5b904-db89-4d79-8420-60a0504c2d1d","GET","/api/laboratorio/evento","200","0.24"
"2026-10-04T16:30:43.042Z","b54490b5-0db0-41fb-89d7-b5d601570557","POST","/api/laboratorio/evento","200","0.22"
"2026-10-04T16:30:43.044Z","cda23828-2331-435a-b67b-9c0f311300dd","PUT","/api/laboratorio/evento","200","0.29"
"2026-10-04T16:30:43.046Z","fd773c7b-acd7-4fb9-b796-4568f9f680f6","DELETE","/api/laboratorio/evento","200","0.28"
"2026-10-04T16:30:43.047Z","0677bd52-41e8-42dc-95ed-418bdeb7eca2","GET","/api/laboratorio/evento","200","0.23"
"2026-10-04T16:30:43.049Z","62b7477c-5dca-455d-a025-21046c3276d3","POST","/api/laboratorio/evento","200","0.21"
"2026-10-04T16:30:43.050Z","70f4da5a-fdfb-4bf3-b3c7-79118ccb87ab","PUT","/api/clientes/999999","400","0.43"
"2026-10-04T16:30:43.052Z","8ee83cc7-d075-4cc6-b7bf-91482a0b6ff9","DELETE","/api/laboratorio/evento","200","0.29"
